INSERT INTO ar_open_items (
  ar_open_item_id,
  company_id,
  customer_invoice_id,
  customer_id,
  original_customer_invoice_id,
  source_type,
  source_id,
  source_version,
  idempotency_key,
  open_amount,
  due_on,
  status,
  currency_code,
  functional_currency_code,
  original_amount,
  paid_amount,
  credited_amount,
  writeoff_amount,
  disputed_amount,
  opened_on,
  closed_on,
  last_activity_at,
  aging_bucket_code,
  collection_stage_code,
  dispute_flag,
  dunning_hold_flag,
  metadata_json
)
VALUES
  (
    '00000000-0000-4000-8000-000000005801',
    '00000000-0000-4000-8000-000000000001',
    '00000000-0000-4000-8000-000000005611',
    '00000000-0000-4000-8000-000000005301',
    '00000000-0000-4000-8000-000000005611',
    'AR_INVOICE',
    'INV-1101',
    '1',
    'open_item:INV-1101',
    82681.25,
    DATE '2026-04-15',
    'partially_settled',
    'SEK',
    'SEK',
    182681.25,
    100000.00,
    0.00,
    0.00,
    0.00,
    DATE '2026-04-01',
    NULL,
    TIMESTAMPTZ '2026-04-20T12:00:00Z',
    '1_30',
    'stage_1',
    FALSE,
    FALSE,
    '{"demo":"phase5_3"}'::jsonb
  ),
  (
    '00000000-0000-4000-8000-000000005802',
    '00000000-0000-4000-8000-000000000001',
    '00000000-0000-4000-8000-000000005612',
    '00000000-0000-4000-8000-000000005301',
    '00000000-0000-4000-8000-000000005612',
    'AR_INVOICE',
    'INV-1102',
    '1',
    'open_item:INV-1102',
    15000.00,
    DATE '2026-07-14',
    'partially_settled',
    'SEK',
    'SEK',
    150000.00,
    120000.00,
    15000.00,
    0.00,
    0.00,
    DATE '2026-06-30',
    NULL,
    TIMESTAMPTZ '2026-07-06T09:00:00Z',
    'current',
    'none',
    FALSE,
    FALSE,
    '{"demo":"phase5_3"}'::jsonb
  ),
  (
    '00000000-0000-4000-8000-000000005803',
    '00000000-0000-4000-8000-000000000001',
    '00000000-0000-4000-8000-000000005613',
    '00000000-0000-4000-8000-000000005301',
    '00000000-0000-4000-8000-000000005613',
    'AR_INVOICE',
    'INV-1103',
    '1',
    'open_item:INV-1103',
    32681.25,
    DATE '2026-07-15',
    'disputed',
    'SEK',
    'SEK',
    32681.25,
    0.00,
    0.00,
    0.00,
    32681.25,
    DATE '2026-07-01',
    NULL,
    TIMESTAMPTZ '2026-07-10T08:00:00Z',
    'current',
    'hold',
    TRUE,
    TRUE,
    '{"demo":"phase5_3"}'::jsonb
  )
ON CONFLICT (ar_open_item_id) DO UPDATE
SET open_amount = EXCLUDED.open_amount,
    status = EXCLUDED.status,
    paid_amount = EXCLUDED.paid_amount,
    credited_amount = EXCLUDED.credited_amount,
    disputed_amount = EXCLUDED.disputed_amount,
    aging_bucket_code = EXCLUDED.aging_bucket_code,
    collection_stage_code = EXCLUDED.collection_stage_code,
    dispute_flag = EXCLUDED.dispute_flag,
    dunning_hold_flag = EXCLUDED.dunning_hold_flag,
    metadata_json = EXCLUDED.metadata_json,
    updated_at = NOW();

INSERT INTO ar_payment_matching_runs (
  ar_payment_matching_run_id,
  company_id,
  source_channel,
  external_batch_ref,
  idempotency_key,
  status,
  run_started_at,
  run_completed_at,
  stats_json,
  created_by_actor_id
)
VALUES
  (
    '00000000-0000-4000-8000-000000005811',
    '00000000-0000-4000-8000-000000000001',
    'bank_feed',
    'demo-feed-2026-04-20',
    'payment_match_run:demo:2026-04-20',
    'completed',
    TIMESTAMPTZ '2026-04-20T11:59:00Z',
    TIMESTAMPTZ '2026-04-20T12:02:00Z',
    '{"processed":2,"matched":1,"review_required":1}'::jsonb,
    'system'
  ),
  (
    '00000000-0000-4000-8000-000000005812',
    '00000000-0000-4000-8000-000000000001',
    'bank_file',
    'demo-file-2026-07-08',
    'payment_match_run:demo:2026-07-08',
    'completed',
    TIMESTAMPTZ '2026-07-08T10:00:00Z',
    TIMESTAMPTZ '2026-07-08T10:03:00Z',
    '{"processed":1,"matched":1,"review_required":0}'::jsonb,
    'system'
  )
ON CONFLICT (ar_payment_matching_run_id) DO NOTHING;

INSERT INTO ar_payment_match_candidates (
  ar_payment_match_candidate_id,
  ar_payment_matching_run_id,
  company_id,
  ar_open_item_id,
  customer_id,
  bank_transaction_uid,
  statement_line_hash,
  payer_reference,
  amount,
  currency_code,
  value_date,
  match_score,
  status,
  reason_code,
  payload_json
)
VALUES
  (
    '00000000-0000-4000-8000-000000005821',
    '00000000-0000-4000-8000-000000005811',
    '00000000-0000-4000-8000-000000000001',
    '00000000-0000-4000-8000-000000005801',
    '00000000-0000-4000-8000-000000005301',
    'demo-bank-txn-1101-part',
    'demo-hash-1101-part',
    '9988776655',
    100000.00,
    'SEK',
    DATE '2026-04-20',
    0.9850,
    'confirmed',
    'exact_reference_and_amount',
    '{"demo":"phase5_3"}'::jsonb
  ),
  (
    '00000000-0000-4000-8000-000000005822',
    '00000000-0000-4000-8000-000000005811',
    '00000000-0000-4000-8000-000000000001',
    NULL,
    NULL,
    'demo-bank-txn-mismatch-1',
    'demo-hash-mismatch-1',
    'UNKNOWN',
    27500.00,
    'SEK',
    DATE '2026-04-20',
    0.3300,
    'rejected',
    'ambiguous_multi_candidate',
    '{"demo":"phase5_3"}'::jsonb
  ),
  (
    '00000000-0000-4000-8000-000000005823',
    '00000000-0000-4000-8000-000000005812',
    '00000000-0000-4000-8000-000000000001',
    '00000000-0000-4000-8000-000000005802',
    '00000000-0000-4000-8000-000000005301',
    'demo-bank-txn-1102-part',
    'demo-hash-1102-part',
    '9988776656',
    120000.00,
    'SEK',
    DATE '2026-07-08',
    0.9700,
    'confirmed',
    'invoice_reference_match',
    '{"demo":"phase5_3"}'::jsonb
  )
ON CONFLICT (ar_payment_match_candidate_id) DO NOTHING;

INSERT INTO ar_allocations (
  ar_allocation_id,
  company_id,
  ar_open_item_id,
  customer_invoice_id,
  allocation_type,
  source_channel,
  status,
  allocated_amount,
  currency_code,
  functional_amount,
  allocated_on,
  bank_transaction_uid,
  statement_line_hash,
  external_event_ref,
  ar_payment_matching_run_id,
  reversal_of_allocation_id,
  reason_code,
  metadata_json,
  created_by_actor_id
)
VALUES
  (
    '00000000-0000-4000-8000-000000005831',
    '00000000-0000-4000-8000-000000000001',
    '00000000-0000-4000-8000-000000005801',
    '00000000-0000-4000-8000-000000005611',
    'payment',
    'bank_feed',
    'confirmed',
    100000.00,
    'SEK',
    100000.00,
    DATE '2026-04-20',
    'demo-bank-txn-1101-part',
    'demo-hash-1101-part',
    'bank_line:demo-bank-txn-1101-part',
    '00000000-0000-4000-8000-000000005811',
    NULL,
    'partial_payment',
    '{"demo":"phase5_3"}'::jsonb,
    'system'
  ),
  (
    '00000000-0000-4000-8000-000000005832',
    '00000000-0000-4000-8000-000000000001',
    '00000000-0000-4000-8000-000000005802',
    '00000000-0000-4000-8000-000000005612',
    'payment',
    'bank_file',
    'confirmed',
    120000.00,
    'SEK',
    120000.00,
    DATE '2026-07-08',
    'demo-bank-txn-1102-part',
    'demo-hash-1102-part',
    'bank_line:demo-bank-txn-1102-part',
    '00000000-0000-4000-8000-000000005812',
    NULL,
    'exact_match',
    '{"demo":"phase5_3"}'::jsonb,
    'system'
  ),
  (
    '00000000-0000-4000-8000-000000005833',
    '00000000-0000-4000-8000-000000000001',
    '00000000-0000-4000-8000-000000005801',
    '00000000-0000-4000-8000-000000005611',
    'payment',
    'manual',
    'reversed',
    5000.00,
    'SEK',
    5000.00,
    DATE '2026-04-21',
    'demo-bank-txn-mismatch-rollback',
    'demo-hash-mismatch-rollback',
    'bank_line:demo-bank-txn-mismatch-rollback',
    NULL,
    NULL,
    'wrong_customer_match_backed_out',
    '{"demo":"phase5_3"}'::jsonb,
    'system'
  )
ON CONFLICT (ar_allocation_id) DO NOTHING;

INSERT INTO ar_unmatched_bank_receipts (
  ar_unmatched_bank_receipt_id,
  company_id,
  bank_transaction_uid,
  statement_line_hash,
  value_date,
  amount,
  currency_code,
  payer_reference,
  customer_hint,
  status,
  linked_ar_allocation_id,
  payload_json
)
VALUES
  (
    '00000000-0000-4000-8000-000000005841',
    '00000000-0000-4000-8000-000000000001',
    'demo-bank-txn-mismatch-1',
    'demo-hash-mismatch-1',
    DATE '2026-04-20',
    27500.00,
    'SEK',
    'UNKNOWN',
    NULL,
    'unmatched',
    NULL,
    '{"demo":"phase5_3","queue":"allocation_review"}'::jsonb
  ),
  (
    '00000000-0000-4000-8000-000000005842',
    '00000000-0000-4000-8000-000000000001',
    'demo-bank-txn-overpay-1101',
    'demo-hash-overpay-1101',
    DATE '2026-04-25',
    15000.00,
    'SEK',
    '9988776655',
    'Scandi Retail Group AB',
    'partially_allocated',
    '00000000-0000-4000-8000-000000005831',
    '{"demo":"phase5_3","note":"overpayment retained as unmatched remainder"}'::jsonb
  )
ON CONFLICT (ar_unmatched_bank_receipt_id) DO NOTHING;

INSERT INTO ar_open_item_events (
  ar_open_item_event_id,
  ar_open_item_id,
  company_id,
  event_code,
  event_reason_code,
  event_source_type,
  event_source_id,
  amount_delta,
  open_amount_before,
  open_amount_after,
  snapshot_json,
  occurred_at,
  created_by_actor_id
)
VALUES
  (
    '00000000-0000-4000-8000-000000005851',
    '00000000-0000-4000-8000-000000005801',
    '00000000-0000-4000-8000-000000000001',
    'payment_allocation_confirmed',
    'partial_payment',
    'BANK_MATCH',
    'demo-bank-txn-1101-part',
    -100000.00,
    182681.25,
    82681.25,
    '{"allocation_id":"00000000-0000-4000-8000-000000005831"}'::jsonb,
    TIMESTAMPTZ '2026-04-20T12:00:00Z',
    'system'
  ),
  (
    '00000000-0000-4000-8000-000000005852',
    '00000000-0000-4000-8000-000000005801',
    '00000000-0000-4000-8000-000000000001',
    'allocation_reversed',
    'wrong_customer_match_backed_out',
    'MANUAL_REVIEW',
    'demo-bank-txn-mismatch-rollback',
    5000.00,
    77681.25,
    82681.25,
    '{"allocation_id":"00000000-0000-4000-8000-000000005833"}'::jsonb,
    TIMESTAMPTZ '2026-04-21T08:00:00Z',
    'system'
  )
ON CONFLICT (ar_open_item_event_id) DO NOTHING;

INSERT INTO ar_dunning_runs (
  ar_dunning_run_id,
  company_id,
  run_date,
  stage_code,
  status,
  calculation_window_start,
  calculation_window_end,
  idempotency_key,
  summary_json,
  created_by_actor_id
)
VALUES
  (
    '00000000-0000-4000-8000-000000005861',
    '00000000-0000-4000-8000-000000000001',
    DATE '2026-05-31',
    'stage_1',
    'executed',
    DATE '2026-05-01',
    DATE '2026-05-31',
    'dunning:stage_1:demo:2026-05-31',
    '{"items":1,"fees_generated":1,"interest_generated":1}'::jsonb,
    'system'
  ),
  (
    '00000000-0000-4000-8000-000000005862',
    '00000000-0000-4000-8000-000000000001',
    DATE '2026-06-30',
    'stage_2',
    'executed',
    DATE '2026-06-01',
    DATE '2026-06-30',
    'dunning:stage_2:demo:2026-06-30',
    '{"items":1,"fees_generated":0,"interest_generated":1}'::jsonb,
    'system'
  )
ON CONFLICT (ar_dunning_run_id) DO NOTHING;

INSERT INTO ar_dunning_run_items (
  ar_dunning_run_item_id,
  ar_dunning_run_id,
  company_id,
  ar_open_item_id,
  customer_invoice_id,
  stage_code,
  fee_amount,
  interest_amount,
  fee_customer_invoice_id,
  interest_customer_invoice_id,
  action_status,
  skip_reason_code,
  payload_json
)
VALUES
  (
    '00000000-0000-4000-8000-000000005871',
    '00000000-0000-4000-8000-000000005861',
    '00000000-0000-4000-8000-000000000001',
    '00000000-0000-4000-8000-000000005801',
    '00000000-0000-4000-8000-000000005611',
    'stage_1',
    60.00,
    340.00,
    NULL,
    NULL,
    'booked',
    NULL,
    '{"demo":"phase5_3"}'::jsonb
  ),
  (
    '00000000-0000-4000-8000-000000005872',
    '00000000-0000-4000-8000-000000005862',
    '00000000-0000-4000-8000-000000000001',
    '00000000-0000-4000-8000-000000005801',
    '00000000-0000-4000-8000-000000005611',
    'stage_2',
    0.00,
    410.00,
    NULL,
    NULL,
    'booked',
    NULL,
    '{"demo":"phase5_3"}'::jsonb
  ),
  (
    '00000000-0000-4000-8000-000000005873',
    '00000000-0000-4000-8000-000000005861',
    '00000000-0000-4000-8000-000000000001',
    '00000000-0000-4000-8000-000000005803',
    '00000000-0000-4000-8000-000000005613',
    'stage_1',
    0.00,
    0.00,
    NULL,
    NULL,
    'skipped',
    'dunning_hold',
    '{"demo":"phase5_3"}'::jsonb
  )
ON CONFLICT (ar_dunning_run_item_id) DO NOTHING;

INSERT INTO ar_writeoffs (
  ar_writeoff_id,
  company_id,
  ar_open_item_id,
  customer_invoice_id,
  ar_allocation_id,
  status,
  reason_code,
  policy_limit_amount,
  requires_approval,
  approved_by_actor_id,
  writeoff_amount,
  currency_code,
  functional_amount,
  ledger_account_no,
  writeoff_date,
  reversal_of_writeoff_id,
  metadata_json,
  created_by_actor_id
)
VALUES (
  '00000000-0000-4000-8000-000000005881',
  '00000000-0000-4000-8000-000000000001',
  '00000000-0000-4000-8000-000000005802',
  '00000000-0000-4000-8000-000000005612',
  NULL,
  'approved',
  'policy_threshold_requires_manual_approval',
  1000.00,
  TRUE,
  'system',
  250.00,
  'SEK',
  250.00,
  '6900',
  DATE '2026-07-31',
  NULL,
  '{"demo":"phase5_3"}'::jsonb,
  'system'
)
ON CONFLICT (ar_writeoff_id) DO NOTHING;

INSERT INTO ar_aging_snapshots (
  ar_aging_snapshot_id,
  company_id,
  cutoff_date,
  source_hash,
  open_item_count,
  bucket_totals_json,
  customer_totals_json,
  generated_by_actor_id,
  generated_at
)
VALUES
  (
    '00000000-0000-4000-8000-000000005891',
    '00000000-0000-4000-8000-000000000001',
    DATE '2026-06-30',
    'aging-demo-2026-06-30-v1',
    3,
    '{"current":47681.25,"1_30":82681.25,"31_60":0,"61_90":0,"91_plus":0}'::jsonb,
    '{"00000000-0000-4000-8000-000000005301":130362.50}'::jsonb,
    'system',
    TIMESTAMPTZ '2026-06-30T23:15:00Z'
  ),
  (
    '00000000-0000-4000-8000-000000005892',
    '00000000-0000-4000-8000-000000000001',
    DATE '2026-07-31',
    'aging-demo-2026-07-31-v1',
    3,
    '{"current":47681.25,"1_30":15000.00,"31_60":82681.25,"61_90":0,"91_plus":0}'::jsonb,
    '{"00000000-0000-4000-8000-000000005301":145362.50}'::jsonb,
    'system',
    TIMESTAMPTZ '2026-07-31T23:15:00Z'
  )
ON CONFLICT (ar_aging_snapshot_id) DO NOTHING;
