INSERT INTO ar_invoice_number_series (
  ar_invoice_number_series_id,
  company_id,
  series_code,
  prefix,
  next_number,
  status
)
VALUES
  ('00000000-0000-4000-8000-000000005601', '00000000-0000-4000-8000-000000000001', 'B', 'INV-', 1104, 'active'),
  ('00000000-0000-4000-8000-000000005602', '00000000-0000-4000-8000-000000000001', 'C', 'CRN-', 2102, 'active')
ON CONFLICT (company_id, series_code) DO UPDATE
SET next_number = EXCLUDED.next_number,
    updated_at = NOW();

INSERT INTO customer_invoices (
  customer_invoice_id,
  company_id,
  customer_id,
  invoice_number,
  invoice_type,
  invoice_series_code,
  invoice_sequence_number,
  source_type,
  source_id,
  source_version,
  invoice_generation_key,
  issue_idempotency_key,
  contract_id,
  invoice_plan_id,
  currency_code,
  payment_terms_code,
  issue_date,
  tax_date,
  delivery_date,
  due_date,
  subscription_period_start,
  subscription_period_end,
  payment_reference,
  payment_method_code,
  delivery_method_code,
  channel_preference_code,
  proforma_flag,
  peppol_buyer_reference,
  peppol_order_reference,
  peppol_profile_id,
  peppol_process_id,
  peppol_document_type_id,
  original_customer_invoice_id,
  credit_reason_code,
  credit_override_flag,
  status,
  totals_json,
  header_json,
  approved_at,
  issued_at,
  delivered_at,
  immutable_locked_at
)
VALUES
  (
    '00000000-0000-4000-8000-000000005611',
    '00000000-0000-4000-8000-000000000001',
    '00000000-0000-4000-8000-000000005301',
    'INV-1101',
    'standard',
    'B',
    1101,
    'QUOTE',
    'Q-2026-0100',
    '2',
    'invoice_gen:Q-2026-0100:2:full',
    'invoice_issue:INV-1101',
    '00000000-0000-4000-8000-000000005381',
    '00000000-0000-4000-8000-000000005411',
    'SEK',
    'net_14',
    DATE '2026-04-01',
    DATE '2026-04-01',
    DATE '2026-04-01',
    DATE '2026-04-15',
    NULL,
    NULL,
    '9988776655',
    'bankgiro',
    'peppol',
    'auto',
    FALSE,
    'BUYER-REF-100',
    'PO-2026-778',
    'urn:fdc:peppol.eu:2017:poacc:billing:01:1.0',
    'urn:peppol:bis:billing:3',
    'urn:oasis:names:specification:ubl:schema:xsd:Invoice-2',
    NULL,
    NULL,
    FALSE,
    'delivered',
    '{"subtotal_ex_vat":146145.00,"vat_total":36536.25,"total_inc_vat":182681.25}'::jsonb,
    '{"invoice_kind":"enterprise_standard"}'::jsonb,
    TIMESTAMPTZ '2026-04-01T08:57:00Z',
    TIMESTAMPTZ '2026-04-01T09:00:00Z',
    TIMESTAMPTZ '2026-04-01T09:06:00Z',
    TIMESTAMPTZ '2026-04-01T09:00:00Z'
  ),
  (
    '00000000-0000-4000-8000-000000005612',
    '00000000-0000-4000-8000-000000000001',
    '00000000-0000-4000-8000-000000005301',
    'INV-1102',
    'partial',
    'B',
    1102,
    'CONTRACT_PLAN',
    'PLAN-A-2026-0100',
    '3',
    'invoice_gen:PLAN-A-2026-0100:milestone-1',
    'invoice_issue:INV-1102',
    '00000000-0000-4000-8000-000000005381',
    '00000000-0000-4000-8000-000000005411',
    'SEK',
    'net_14',
    DATE '2026-06-30',
    DATE '2026-06-30',
    DATE '2026-06-30',
    DATE '2026-07-14',
    NULL,
    NULL,
    '9988776656',
    'bankgiro',
    'pdf_email',
    'auto',
    FALSE,
    NULL,
    NULL,
    NULL,
    NULL,
    NULL,
    NULL,
    NULL,
    FALSE,
    'issued',
    '{"subtotal_ex_vat":120000.00,"vat_total":30000.00,"total_inc_vat":150000.00}'::jsonb,
    '{"invoice_kind":"enterprise_partial"}'::jsonb,
    TIMESTAMPTZ '2026-06-30T08:57:00Z',
    TIMESTAMPTZ '2026-06-30T09:00:00Z',
    NULL,
    TIMESTAMPTZ '2026-06-30T09:00:00Z'
  ),
  (
    '00000000-0000-4000-8000-000000005613',
    '00000000-0000-4000-8000-000000000001',
    '00000000-0000-4000-8000-000000005301',
    'INV-1103',
    'subscription',
    'B',
    1103,
    'CONTRACT_PLAN',
    'PLAN-A-2026-0100',
    '4',
    'invoice_gen:PLAN-A-2026-0100:sub-july',
    'invoice_issue:INV-1103',
    '00000000-0000-4000-8000-000000005381',
    '00000000-0000-4000-8000-000000005411',
    'SEK',
    'net_14',
    DATE '2026-07-01',
    DATE '2026-07-01',
    DATE '2026-07-01',
    DATE '2026-07-15',
    DATE '2026-07-01',
    DATE '2026-07-31',
    '9988776657',
    'bankgiro',
    'peppol',
    'auto',
    FALSE,
    'BUYER-REF-100',
    'PO-2026-778',
    'urn:fdc:peppol.eu:2017:poacc:billing:01:1.0',
    'urn:peppol:bis:billing:3',
    'urn:oasis:names:specification:ubl:schema:xsd:Invoice-2',
    NULL,
    NULL,
    FALSE,
    'issued',
    '{"subtotal_ex_vat":26145.00,"vat_total":6536.25,"total_inc_vat":32681.25}'::jsonb,
    '{"invoice_kind":"enterprise_subscription"}'::jsonb,
    TIMESTAMPTZ '2026-07-01T08:57:00Z',
    TIMESTAMPTZ '2026-07-01T09:00:00Z',
    NULL,
    TIMESTAMPTZ '2026-07-01T09:00:00Z'
  ),
  (
    '00000000-0000-4000-8000-000000005614',
    '00000000-0000-4000-8000-000000000001',
    '00000000-0000-4000-8000-000000005301',
    'CRN-2101',
    'credit_note',
    'C',
    2101,
    'MANUAL_CREDIT',
    'INV-1102',
    '1',
    'invoice_gen:credit:INV-1102:1',
    'invoice_issue:CRN-2101',
    '00000000-0000-4000-8000-000000005381',
    NULL,
    'SEK',
    'net_14',
    DATE '2026-07-05',
    DATE '2026-07-05',
    DATE '2026-07-05',
    DATE '2026-07-19',
    NULL,
    NULL,
    '9988776658',
    'bankgiro',
    'pdf_email',
    'auto',
    FALSE,
    NULL,
    NULL,
    NULL,
    NULL,
    NULL,
    '00000000-0000-4000-8000-000000005612',
    'partial_credit_due_to_scope_change',
    FALSE,
    'issued',
    '{"subtotal_ex_vat":12000.00,"vat_total":3000.00,"total_inc_vat":15000.00}'::jsonb,
    '{"invoice_kind":"credit_note"}'::jsonb,
    TIMESTAMPTZ '2026-07-05T10:00:00Z',
    TIMESTAMPTZ '2026-07-05T10:05:00Z',
    NULL,
    TIMESTAMPTZ '2026-07-05T10:05:00Z'
  )
ON CONFLICT (customer_invoice_id) DO UPDATE
SET status = EXCLUDED.status,
    issue_idempotency_key = EXCLUDED.issue_idempotency_key,
    totals_json = EXCLUDED.totals_json,
    header_json = EXCLUDED.header_json,
    updated_at = NOW();

INSERT INTO customer_invoice_lines (
  customer_invoice_line_id,
  customer_invoice_id,
  company_id,
  line_no,
  line_type,
  ar_item_id,
  source_type,
  source_id,
  source_version,
  description,
  quantity,
  unit_price,
  discount_percent,
  line_amount_ex_vat,
  vat_code,
  vat_rate,
  vat_amount,
  line_amount_inc_vat,
  out_of_scope_flag,
  vat_decision_id,
  project_id,
  dimension_json,
  metadata_json
)
VALUES
  (
    '00000000-0000-4000-8000-000000005621',
    '00000000-0000-4000-8000-000000005611',
    '00000000-0000-4000-8000-000000000001',
    1,
    'subscription',
    '00000000-0000-4000-8000-000000005321',
    'QUOTE_LINE',
    'Q-2026-0100-L1',
    '2',
    'Plattformsabonnemang 12 månader',
    1.0000,
    26145.0000,
    0.0000,
    26145.00,
    'VAT_SE_DOMESTIC_25',
    25.0000,
    6536.25,
    32681.25,
    FALSE,
    NULL,
    NULL,
    '{}'::jsonb,
    '{"group":"subscription"}'::jsonb
  ),
  (
    '00000000-0000-4000-8000-000000005622',
    '00000000-0000-4000-8000-000000005611',
    '00000000-0000-4000-8000-000000000001',
    2,
    'item',
    '00000000-0000-4000-8000-000000005322',
    'QUOTE_LINE',
    'Q-2026-0100-L2',
    '2',
    'Implementering wave 1',
    80.0000,
    1500.0000,
    0.0000,
    120000.00,
    'VAT_SE_DOMESTIC_25',
    25.0000,
    30000.00,
    150000.00,
    FALSE,
    NULL,
    NULL,
    '{"cost_center":"CONSULTING"}'::jsonb,
    '{"group":"project"}'::jsonb
  ),
  (
    '00000000-0000-4000-8000-000000005623',
    '00000000-0000-4000-8000-000000005612',
    '00000000-0000-4000-8000-000000000001',
    1,
    'item',
    '00000000-0000-4000-8000-000000005322',
    'INVOICE_PLAN_LINE',
    'invoice_plan:PLAN-A-2026-0100:line-3',
    '3',
    'Implementering del 1',
    80.0000,
    1500.0000,
    0.0000,
    120000.00,
    'VAT_SE_DOMESTIC_25',
    25.0000,
    30000.00,
    150000.00,
    FALSE,
    NULL,
    NULL,
    '{"cost_center":"CONSULTING"}'::jsonb,
    '{"group":"partial"}'::jsonb
  ),
  (
    '00000000-0000-4000-8000-000000005624',
    '00000000-0000-4000-8000-000000005613',
    '00000000-0000-4000-8000-000000000001',
    1,
    'subscription',
    '00000000-0000-4000-8000-000000005321',
    'INVOICE_PLAN_LINE',
    'invoice_plan:PLAN-A-2026-0100:line-2',
    '4',
    'Plattformsabonnemang juli',
    1.0000,
    26145.0000,
    0.0000,
    26145.00,
    'VAT_SE_DOMESTIC_25',
    25.0000,
    6536.25,
    32681.25,
    FALSE,
    NULL,
    NULL,
    '{}'::jsonb,
    '{"group":"subscription"}'::jsonb
  ),
  (
    '00000000-0000-4000-8000-000000005625',
    '00000000-0000-4000-8000-000000005614',
    '00000000-0000-4000-8000-000000000001',
    1,
    'discount',
    '00000000-0000-4000-8000-000000005322',
    'CREDIT_FROM_INVOICE',
    'INV-1102-L1',
    '1',
    'Kreditering del av implementering',
    8.0000,
    1500.0000,
    0.0000,
    12000.00,
    'VAT_SE_DOMESTIC_25',
    25.0000,
    3000.00,
    15000.00,
    FALSE,
    NULL,
    NULL,
    '{"cost_center":"CONSULTING"}'::jsonb,
    '{"group":"credit"}'::jsonb
  )
ON CONFLICT (customer_invoice_line_id) DO UPDATE
SET description = EXCLUDED.description,
    line_amount_ex_vat = EXCLUDED.line_amount_ex_vat,
    vat_amount = EXCLUDED.vat_amount,
    line_amount_inc_vat = EXCLUDED.line_amount_inc_vat,
    updated_at = NOW();

INSERT INTO customer_invoice_credit_links (
  customer_invoice_credit_link_id,
  company_id,
  credit_customer_invoice_id,
  original_customer_invoice_id,
  credit_customer_invoice_line_id,
  original_customer_invoice_line_id,
  reason_code,
  credit_amount_ex_vat,
  credit_vat_amount,
  credit_amount_inc_vat,
  override_flag,
  metadata_json
)
VALUES (
  '00000000-0000-4000-8000-000000005631',
  '00000000-0000-4000-8000-000000000001',
  '00000000-0000-4000-8000-000000005614',
  '00000000-0000-4000-8000-000000005612',
  '00000000-0000-4000-8000-000000005625',
  '00000000-0000-4000-8000-000000005623',
  'partial_credit_due_to_scope_change',
  12000.00,
  3000.00,
  15000.00,
  FALSE,
  '{"note":"credit linked line-by-line"}'::jsonb
)
ON CONFLICT (customer_invoice_credit_link_id) DO NOTHING;

INSERT INTO customer_invoice_issue_events (
  customer_invoice_issue_event_id,
  company_id,
  customer_invoice_id,
  issue_idempotency_key,
  voucher_series_code,
  posting_source_type,
  voucher_number,
  journal_entry_id,
  status,
  event_json,
  created_by_actor_id
)
VALUES
  (
    '00000000-0000-4000-8000-000000005641',
    '00000000-0000-4000-8000-000000000001',
    '00000000-0000-4000-8000-000000005611',
    'invoice_issue:INV-1101',
    'B',
    'AR_INVOICE',
    1101,
    NULL,
    'posted',
    '{"ledger_intent":"created"}'::jsonb,
    'system'
  ),
  (
    '00000000-0000-4000-8000-000000005642',
    '00000000-0000-4000-8000-000000000001',
    '00000000-0000-4000-8000-000000005612',
    'invoice_issue:INV-1102',
    'B',
    'AR_INVOICE',
    1102,
    NULL,
    'reserved',
    '{"ledger_intent":"reserved_only"}'::jsonb,
    'system'
  ),
  (
    '00000000-0000-4000-8000-000000005643',
    '00000000-0000-4000-8000-000000000001',
    '00000000-0000-4000-8000-000000005613',
    'invoice_issue:INV-1103',
    'B',
    'AR_INVOICE',
    1103,
    NULL,
    'reserved',
    '{"ledger_intent":"reserved_only"}'::jsonb,
    'system'
  ),
  (
    '00000000-0000-4000-8000-000000005644',
    '00000000-0000-4000-8000-000000000001',
    '00000000-0000-4000-8000-000000005614',
    'invoice_issue:CRN-2101',
    'C',
    'AR_CREDIT_NOTE',
    2101,
    NULL,
    'reserved',
    '{"ledger_intent":"credit_reserved"}'::jsonb,
    'system'
  )
ON CONFLICT (customer_invoice_issue_event_id) DO NOTHING;

INSERT INTO peppol_messages (
  peppol_message_id,
  company_id,
  message_direction,
  status,
  payload_json
)
VALUES
  (
    '00000000-0000-4000-8000-000000005651',
    '00000000-0000-4000-8000-000000000001',
    'outbound',
    'delivered',
    '{"invoice_no":"INV-1101","document_type":"invoice","profile":"BIS3"}'::jsonb
  ),
  (
    '00000000-0000-4000-8000-000000005652',
    '00000000-0000-4000-8000-000000000001',
    'outbound',
    'sent',
    '{"invoice_no":"INV-1103","document_type":"invoice","profile":"BIS3"}'::jsonb
  )
ON CONFLICT (peppol_message_id) DO NOTHING;

INSERT INTO customer_invoice_deliveries (
  customer_invoice_delivery_id,
  company_id,
  customer_invoice_id,
  channel_code,
  status,
  attempt_no,
  recipient_address,
  recipient_name,
  transport_provider,
  provider_message_id,
  peppol_message_id,
  peppol_profile_id,
  peppol_process_id,
  peppol_document_type_id,
  peppol_validation_status,
  peppol_validation_json,
  delivery_payload_json,
  receipt_json,
  error_code,
  error_message,
  queued_at,
  sent_at,
  delivered_at,
  created_by_actor_id
)
VALUES
  (
    '00000000-0000-4000-8000-000000005661',
    '00000000-0000-4000-8000-000000000001',
    '00000000-0000-4000-8000-000000005611',
    'peppol',
    'delivered',
    1,
    '0007:5591223344',
    'Scandi Retail Group AB',
    'peppol_access_point',
    'peppol-msg-1101',
    '00000000-0000-4000-8000-000000005651',
    'urn:fdc:peppol.eu:2017:poacc:billing:01:1.0',
    'urn:peppol:bis:billing:3',
    'urn:oasis:names:specification:ubl:schema:xsd:Invoice-2',
    'valid',
    '{"schema":"pass","business_rules":"pass"}'::jsonb,
    '{"buyer_reference":"BUYER-REF-100","order_reference":"PO-2026-778"}'::jsonb,
    '{"access_point":"delivered"}'::jsonb,
    NULL,
    NULL,
    TIMESTAMPTZ '2026-04-01T09:00:30Z',
    TIMESTAMPTZ '2026-04-01T09:01:10Z',
    TIMESTAMPTZ '2026-04-01T09:06:00Z',
    'system'
  ),
  (
    '00000000-0000-4000-8000-000000005662',
    '00000000-0000-4000-8000-000000000001',
    '00000000-0000-4000-8000-000000005612',
    'pdf_email',
    'sent',
    1,
    'ap@scandiretail.test',
    'Emma Olsson',
    'smtp',
    'smtp-msg-1102',
    NULL,
    NULL,
    NULL,
    NULL,
    'not_applicable',
    '{}'::jsonb,
    '{"subject":"Faktura INV-1102"}'::jsonb,
    '{"smtp":"accepted"}'::jsonb,
    NULL,
    NULL,
    TIMESTAMPTZ '2026-06-30T09:00:30Z',
    TIMESTAMPTZ '2026-06-30T09:01:00Z',
    NULL,
    'system'
  ),
  (
    '00000000-0000-4000-8000-000000005663',
    '00000000-0000-4000-8000-000000000001',
    '00000000-0000-4000-8000-000000005613',
    'peppol',
    'failed',
    1,
    '0007:5591223344',
    'Scandi Retail Group AB',
    'peppol_access_point',
    'peppol-msg-1103',
    '00000000-0000-4000-8000-000000005652',
    'urn:fdc:peppol.eu:2017:poacc:billing:01:1.0',
    'urn:peppol:bis:billing:3',
    'urn:oasis:names:specification:ubl:schema:xsd:Invoice-2',
    'invalid',
    '{"schema":"pass","business_rules":"fail:buyer_reference_missing"}'::jsonb,
    '{"buyer_reference":null,"order_reference":"PO-2026-778"}'::jsonb,
    '{"access_point":"rejected"}'::jsonb,
    'peppol_validation_failed',
    'Buyer reference required by receiver profile',
    TIMESTAMPTZ '2026-07-01T09:00:30Z',
    TIMESTAMPTZ '2026-07-01T09:01:00Z',
    NULL,
    'system'
  ),
  (
    '00000000-0000-4000-8000-000000005664',
    '00000000-0000-4000-8000-000000000001',
    '00000000-0000-4000-8000-000000005614',
    'pdf_email',
    'delivered',
    1,
    'ap@scandiretail.test',
    'Emma Olsson',
    'smtp',
    'smtp-msg-2101',
    NULL,
    NULL,
    NULL,
    NULL,
    'not_applicable',
    '{}'::jsonb,
    '{"subject":"Kreditfaktura CRN-2101"}'::jsonb,
    '{"smtp":"delivered"}'::jsonb,
    NULL,
    NULL,
    TIMESTAMPTZ '2026-07-05T10:05:30Z',
    TIMESTAMPTZ '2026-07-05T10:06:00Z',
    TIMESTAMPTZ '2026-07-05T10:07:00Z',
    'system'
  )
ON CONFLICT (customer_invoice_delivery_id) DO NOTHING;

INSERT INTO customer_invoice_delivery_events (
  customer_invoice_delivery_event_id,
  customer_invoice_delivery_id,
  company_id,
  event_code,
  event_status,
  event_payload_json,
  occurred_at
)
VALUES
  (
    '00000000-0000-4000-8000-000000005671',
    '00000000-0000-4000-8000-000000005661',
    '00000000-0000-4000-8000-000000000001',
    'peppol.receipt.delivered',
    'delivered',
    '{"receipt":"delivered"}'::jsonb,
    TIMESTAMPTZ '2026-04-01T09:06:00Z'
  ),
  (
    '00000000-0000-4000-8000-000000005672',
    '00000000-0000-4000-8000-000000005663',
    '00000000-0000-4000-8000-000000000001',
    'peppol.validation.failed',
    'failed',
    '{"error":"buyer_reference_missing"}'::jsonb,
    TIMESTAMPTZ '2026-07-01T09:01:20Z'
  ),
  (
    '00000000-0000-4000-8000-000000005673',
    '00000000-0000-4000-8000-000000005664',
    '00000000-0000-4000-8000-000000000001',
    'delivery.completed',
    'delivered',
    '{"provider":"smtp"}'::jsonb,
    TIMESTAMPTZ '2026-07-05T10:07:00Z'
  )
ON CONFLICT (customer_invoice_delivery_event_id) DO NOTHING;

INSERT INTO customer_invoice_payment_links (
  customer_invoice_payment_link_id,
  company_id,
  customer_invoice_id,
  provider_code,
  provider_payment_link_id,
  payment_url,
  link_token_hash,
  amount,
  currency_code,
  status,
  activated_at,
  expires_at,
  used_at,
  metadata_json,
  created_by_actor_id
)
VALUES
  (
    '00000000-0000-4000-8000-000000005681',
    '00000000-0000-4000-8000-000000000001',
    '00000000-0000-4000-8000-000000005611',
    'mock_paylink',
    'paylink-1101',
    'https://pay.example.test/link/paylink-1101',
    'demo-hash-paylink-1101',
    182681.25,
    'SEK',
    'active',
    TIMESTAMPTZ '2026-04-01T09:00:00Z',
    TIMESTAMPTZ '2026-04-15T23:59:59Z',
    NULL,
    '{"invoice_no":"INV-1101"}'::jsonb,
    'system'
  ),
  (
    '00000000-0000-4000-8000-000000005682',
    '00000000-0000-4000-8000-000000000001',
    '00000000-0000-4000-8000-000000005612',
    'mock_paylink',
    'paylink-1102',
    'https://pay.example.test/link/paylink-1102',
    'demo-hash-paylink-1102',
    150000.00,
    'SEK',
    'draft',
    NULL,
    TIMESTAMPTZ '2026-07-14T23:59:59Z',
    NULL,
    '{"invoice_no":"INV-1102"}'::jsonb,
    'system'
  ),
  (
    '00000000-0000-4000-8000-000000005683',
    '00000000-0000-4000-8000-000000000001',
    '00000000-0000-4000-8000-000000005614',
    'mock_paylink',
    'paylink-2101',
    'https://pay.example.test/link/paylink-2101',
    'demo-hash-paylink-2101',
    15000.00,
    'SEK',
    'cancelled',
    TIMESTAMPTZ '2026-07-05T10:05:00Z',
    TIMESTAMPTZ '2026-07-19T23:59:59Z',
    NULL,
    '{"invoice_no":"CRN-2101","reason":"credit_note_no_payment_needed"}'::jsonb,
    'system'
  )
ON CONFLICT (customer_invoice_payment_link_id) DO UPDATE
SET status = EXCLUDED.status,
    expires_at = EXCLUDED.expires_at,
    metadata_json = EXCLUDED.metadata_json,
    updated_at = NOW();
