INSERT INTO suppliers (
  supplier_id,
  company_id,
  supplier_code,
  supplier_no,
  display_name,
  legal_name,
  org_number,
  vat_number,
  status,
  country_code,
  base_currency_code,
  payment_terms_code,
  payment_recipient_name,
  bankgiro,
  iban,
  bic,
  default_expense_account_no,
  default_input_vat_code,
  default_dimension_json,
  blocked_for_posting,
  blocked_for_payment,
  requires_po,
  requires_receipt,
  allow_credit_without_link,
  reverse_charge_default,
  risk_class,
  import_source_key,
  payload_json
)
VALUES
  (
    '00000000-0000-4000-8000-000000006301',
    '00000000-0000-4000-8000-000000000001',
    'SUP-2001',
    'SUP-2001',
    'Build Logistics Sverige AB',
    'Build Logistics Sverige AB',
    '559200-7744',
    'SE559200774401',
    'active',
    'SE',
    'SEK',
    'net_30',
    'Build Logistics Sverige AB',
    '5834-9012',
    'SE4550000000058398257466',
    'ESSESESS',
    '4010',
    'VAT_SE_DOMESTIC_25',
    '{"cost_center":"WAREHOUSE","project_required":true}'::jsonb,
    FALSE,
    FALSE,
    TRUE,
    TRUE,
    FALSE,
    FALSE,
    'normal',
    'import:supplier:build-logistics',
    '{"demo":"phase6_1"}'::jsonb
  ),
  (
    '00000000-0000-4000-8000-000000006302',
    '00000000-0000-4000-8000-000000000001',
    'SUP-2002',
    'SUP-2002',
    'Risky Components AB',
    'Risky Components AB',
    '556745-0199',
    'SE556745019901',
    'blocked',
    'SE',
    'SEK',
    'net_10',
    'Risky Components AB',
    '6144-1122',
    NULL,
    NULL,
    '4010',
    'VAT_SE_DOMESTIC_25',
    '{"risk":"bank_change_pending_review"}'::jsonb,
    TRUE,
    TRUE,
    TRUE,
    TRUE,
    FALSE,
    FALSE,
    'high',
    'import:supplier:risky-components',
    '{"demo":"phase6_1"}'::jsonb
  )
ON CONFLICT (supplier_id) DO UPDATE
SET status = EXCLUDED.status,
    payment_terms_code = EXCLUDED.payment_terms_code,
    bankgiro = EXCLUDED.bankgiro,
    blocked_for_posting = EXCLUDED.blocked_for_posting,
    blocked_for_payment = EXCLUDED.blocked_for_payment,
    risk_class = EXCLUDED.risk_class,
    payload_json = EXCLUDED.payload_json,
    updated_at = NOW();

INSERT INTO supplier_contacts (
  supplier_contact_id,
  company_id,
  supplier_id,
  contact_no,
  role_code,
  full_name,
  email,
  phone,
  title,
  is_primary,
  status,
  metadata_json
)
VALUES
  (
    '00000000-0000-4000-8000-000000006311',
    '00000000-0000-4000-8000-000000000001',
    '00000000-0000-4000-8000-000000006301',
    'PURCH-1',
    'purchasing',
    'Karl Inkop',
    'inkop@buildlogistics.test',
    '+46706666666',
    'Purchasing Lead',
    TRUE,
    'active',
    '{"demo":"phase6_1"}'::jsonb
  ),
  (
    '00000000-0000-4000-8000-000000006312',
    '00000000-0000-4000-8000-000000000001',
    '00000000-0000-4000-8000-000000006302',
    'AP-1',
    'accounts_payable',
    'Maria Risk',
    'ap@riskycomponents.test',
    '+46707777777',
    'AP Manager',
    TRUE,
    'active',
    '{"demo":"phase6_1"}'::jsonb
  )
ON CONFLICT (supplier_contact_id) DO UPDATE
SET full_name = EXCLUDED.full_name,
    email = EXCLUDED.email,
    phone = EXCLUDED.phone,
    metadata_json = EXCLUDED.metadata_json,
    updated_at = NOW();

INSERT INTO ap_tolerance_profiles (
  ap_tolerance_profile_id,
  company_id,
  tolerance_profile_code,
  tolerance_profile_name,
  price_tolerance_percent,
  quantity_tolerance_percent,
  total_tolerance_amount,
  auto_accept_within_tolerance,
  status,
  metadata_json
)
VALUES
  (
    '00000000-0000-4000-8000-000000006321',
    '00000000-0000-4000-8000-000000000001',
    'STRICT-AP',
    'Strict AP tolerance',
    1.0000,
    1.0000,
    100.00,
    FALSE,
    'active',
    '{"demo":"phase6_1"}'::jsonb
  ),
  (
    '00000000-0000-4000-8000-000000006322',
    '00000000-0000-4000-8000-000000000001',
    'FLEX-AP',
    'Flexible AP tolerance',
    5.0000,
    8.0000,
    1000.00,
    TRUE,
    'active',
    '{"demo":"phase6_1"}'::jsonb
  )
ON CONFLICT (ap_tolerance_profile_id) DO UPDATE
SET price_tolerance_percent = EXCLUDED.price_tolerance_percent,
    quantity_tolerance_percent = EXCLUDED.quantity_tolerance_percent,
    total_tolerance_amount = EXCLUDED.total_tolerance_amount,
    auto_accept_within_tolerance = EXCLUDED.auto_accept_within_tolerance,
    status = EXCLUDED.status,
    metadata_json = EXCLUDED.metadata_json,
    updated_at = NOW();

INSERT INTO purchase_orders (
  purchase_order_id,
  company_id,
  supplier_id,
  po_number,
  po_no,
  status,
  ordered_on,
  approved_at,
  approved_by_actor_id,
  requested_by_actor_id,
  supplier_reference,
  buyer_reference,
  currency_code,
  payment_terms_code,
  expected_delivery_date,
  ap_tolerance_profile_id,
  default_expense_account_no,
  default_input_vat_code,
  default_dimension_json,
  total_amount_ex_vat,
  total_vat_amount,
  total_amount_inc_vat,
  import_source_key,
  payload_json
)
VALUES
  (
    '00000000-0000-4000-8000-000000006331',
    '00000000-0000-4000-8000-000000000001',
    '00000000-0000-4000-8000-000000006301',
    'PO-2026-0201',
    'PO-2026-0201',
    'partially_received',
    DATE '2026-04-02',
    TIMESTAMPTZ '2026-04-02T08:00:00Z',
    'system',
    'system',
    'BL-REF-201',
    'BUY-DEMO-201',
    'SEK',
    'net_30',
    DATE '2026-04-10',
    '00000000-0000-4000-8000-000000006322',
    '4010',
    'VAT_SE_DOMESTIC_25',
    '{"project_code":"P-100"}'::jsonb,
    50000.00,
    12500.00,
    62500.00,
    'import:po:2026-0201',
    '{"demo":"phase6_1"}'::jsonb
  ),
  (
    '00000000-0000-4000-8000-000000006332',
    '00000000-0000-4000-8000-000000000001',
    '00000000-0000-4000-8000-000000006302',
    'PO-2026-0202',
    'PO-2026-0202',
    'approved',
    DATE '2026-04-12',
    TIMESTAMPTZ '2026-04-12T09:00:00Z',
    'system',
    'system',
    'RISK-REF-202',
    'BUY-DEMO-202',
    'SEK',
    'net_10',
    DATE '2026-04-18',
    '00000000-0000-4000-8000-000000006321',
    '4010',
    'VAT_SE_DOMESTIC_25',
    '{"project_code":"P-100"}'::jsonb,
    12000.00,
    3000.00,
    15000.00,
    'import:po:2026-0202',
    '{"demo":"phase6_1"}'::jsonb
  )
ON CONFLICT (purchase_order_id) DO UPDATE
SET status = EXCLUDED.status,
    expected_delivery_date = EXCLUDED.expected_delivery_date,
    total_amount_ex_vat = EXCLUDED.total_amount_ex_vat,
    total_vat_amount = EXCLUDED.total_vat_amount,
    total_amount_inc_vat = EXCLUDED.total_amount_inc_vat,
    payload_json = EXCLUDED.payload_json,
    updated_at = NOW();

INSERT INTO purchase_order_lines (
  purchase_order_line_id,
  purchase_order_id,
  company_id,
  line_no,
  line_type,
  article_code,
  description,
  quantity_ordered,
  quantity_cancelled,
  unit_price,
  discount_percent,
  amount_ex_vat,
  vat_code,
  vat_rate,
  vat_amount,
  amount_inc_vat,
  expense_account_no,
  project_id,
  cost_center_code,
  business_unit_code,
  dimension_json,
  requires_receipt,
  over_delivery_tolerance_percent,
  status,
  metadata_json
)
VALUES
  (
    '00000000-0000-4000-8000-000000006341',
    '00000000-0000-4000-8000-000000006331',
    '00000000-0000-4000-8000-000000000001',
    1,
    'item',
    'WAREHOUSE-RACK',
    'Warehouse rack units',
    20.0000,
    0.0000,
    2000.0000,
    0.0000,
    40000.00,
    'VAT_SE_DOMESTIC_25',
    25.0000,
    10000.00,
    50000.00,
    '4010',
    '00000000-0000-4000-8000-000000000205',
    'WH',
    'OPS',
    '{"demo":"phase6_1"}'::jsonb,
    TRUE,
    8.0000,
    'fully_received',
    '{"demo":"phase6_1"}'::jsonb
  ),
  (
    '00000000-0000-4000-8000-000000006342',
    '00000000-0000-4000-8000-000000006331',
    '00000000-0000-4000-8000-000000000001',
    2,
    'service',
    'INSTALL-RACK',
    'Rack installation service',
    1.0000,
    0.0000,
    10000.0000,
    0.0000,
    10000.00,
    'VAT_SE_DOMESTIC_25',
    25.0000,
    2500.00,
    12500.00,
    '6540',
    '00000000-0000-4000-8000-000000000205',
    'WH',
    'OPS',
    '{"demo":"phase6_1"}'::jsonb,
    FALSE,
    0.0000,
    'open',
    '{"demo":"phase6_1"}'::jsonb
  ),
  (
    '00000000-0000-4000-8000-000000006343',
    '00000000-0000-4000-8000-000000006332',
    '00000000-0000-4000-8000-000000000001',
    1,
    'item',
    'COMP-X',
    'Critical component X',
    6.0000,
    0.0000,
    2000.0000,
    0.0000,
    12000.00,
    'VAT_SE_DOMESTIC_25',
    25.0000,
    3000.00,
    15000.00,
    '4010',
    '00000000-0000-4000-8000-000000000205',
    'OPS',
    'OPS',
    '{"demo":"phase6_1"}'::jsonb,
    TRUE,
    1.0000,
    'open',
    '{"demo":"phase6_1"}'::jsonb
  )
ON CONFLICT (purchase_order_line_id) DO UPDATE
SET status = EXCLUDED.status,
    quantity_ordered = EXCLUDED.quantity_ordered,
    unit_price = EXCLUDED.unit_price,
    amount_ex_vat = EXCLUDED.amount_ex_vat,
    vat_amount = EXCLUDED.vat_amount,
    amount_inc_vat = EXCLUDED.amount_inc_vat,
    metadata_json = EXCLUDED.metadata_json,
    updated_at = NOW();

INSERT INTO purchase_order_receipts (
  purchase_order_receipt_id,
  company_id,
  purchase_order_id,
  receipt_no,
  status,
  receipt_date,
  received_by_actor_id,
  source_channel,
  comment,
  metadata_json
)
VALUES
  (
    '00000000-0000-4000-8000-000000006351',
    '00000000-0000-4000-8000-000000000001',
    '00000000-0000-4000-8000-000000006331',
    'REC-2026-0201-A',
    'received',
    DATE '2026-04-08',
    'system',
    'import',
    'First goods reception',
    '{"demo":"phase6_1"}'::jsonb
  ),
  (
    '00000000-0000-4000-8000-000000006352',
    '00000000-0000-4000-8000-000000000001',
    '00000000-0000-4000-8000-000000006331',
    'REC-2026-0201-B',
    'received',
    DATE '2026-04-11',
    'system',
    'mobile',
    'Second goods reception',
    '{"demo":"phase6_1"}'::jsonb
  )
ON CONFLICT (purchase_order_receipt_id) DO UPDATE
SET status = EXCLUDED.status,
    receipt_date = EXCLUDED.receipt_date,
    source_channel = EXCLUDED.source_channel,
    comment = EXCLUDED.comment,
    metadata_json = EXCLUDED.metadata_json,
    updated_at = NOW();

INSERT INTO purchase_order_receipt_lines (
  purchase_order_receipt_line_id,
  purchase_order_receipt_id,
  company_id,
  purchase_order_line_id,
  received_quantity,
  accepted_quantity,
  rejected_quantity,
  variance_code,
  status,
  metadata_json
)
VALUES
  (
    '00000000-0000-4000-8000-000000006361',
    '00000000-0000-4000-8000-000000006351',
    '00000000-0000-4000-8000-000000000001',
    '00000000-0000-4000-8000-000000006341',
    12.0000,
    12.0000,
    0.0000,
    NULL,
    'accepted',
    '{"demo":"phase6_1"}'::jsonb
  ),
  (
    '00000000-0000-4000-8000-000000006362',
    '00000000-0000-4000-8000-000000006352',
    '00000000-0000-4000-8000-000000000001',
    '00000000-0000-4000-8000-000000006341',
    8.0000,
    8.0000,
    0.0000,
    NULL,
    'accepted',
    '{"demo":"phase6_1"}'::jsonb
  )
ON CONFLICT (purchase_order_receipt_line_id) DO UPDATE
SET received_quantity = EXCLUDED.received_quantity,
    accepted_quantity = EXCLUDED.accepted_quantity,
    status = EXCLUDED.status,
    metadata_json = EXCLUDED.metadata_json,
    updated_at = NOW();

INSERT INTO ap_import_batches (
  ap_import_batch_id,
  company_id,
  import_type,
  source_channel,
  source_file_name,
  idempotency_key,
  status,
  row_count,
  applied_count,
  failed_count,
  started_at,
  completed_at,
  summary_json,
  created_by_actor_id
)
VALUES
  (
    '00000000-0000-4000-8000-000000006371',
    '00000000-0000-4000-8000-000000000001',
    'suppliers',
    'manual_file',
    'suppliers_demo_import.csv',
    'ap_import:suppliers:demo:2026-04-01',
    'partial',
    3,
    2,
    1,
    TIMESTAMPTZ '2026-04-01T09:00:00Z',
    TIMESTAMPTZ '2026-04-01T09:00:04Z',
    '{"demo":"phase6_1"}'::jsonb,
    'system'
  ),
  (
    '00000000-0000-4000-8000-000000006372',
    '00000000-0000-4000-8000-000000000001',
    'purchase_orders',
    'api',
    'po_demo_import.json',
    'ap_import:po:demo:2026-04-01',
    'applied',
    2,
    2,
    0,
    TIMESTAMPTZ '2026-04-01T10:00:00Z',
    TIMESTAMPTZ '2026-04-01T10:00:03Z',
    '{"demo":"phase6_1"}'::jsonb,
    'system'
  )
ON CONFLICT (ap_import_batch_id) DO NOTHING;

INSERT INTO ap_import_rows (
  ap_import_row_id,
  ap_import_batch_id,
  company_id,
  row_no,
  entity_external_key,
  status,
  supplier_id,
  purchase_order_id,
  error_code,
  error_message,
  payload_json
)
VALUES
  (
    '00000000-0000-4000-8000-000000006381',
    '00000000-0000-4000-8000-000000006371',
    '00000000-0000-4000-8000-000000000001',
    1,
    'import:supplier:build-logistics',
    'applied',
    '00000000-0000-4000-8000-000000006301',
    NULL,
    NULL,
    NULL,
    '{"supplier_no":"SUP-2001"}'::jsonb
  ),
  (
    '00000000-0000-4000-8000-000000006382',
    '00000000-0000-4000-8000-000000006371',
    '00000000-0000-4000-8000-000000000001',
    2,
    'import:supplier:risky-components',
    'applied',
    '00000000-0000-4000-8000-000000006302',
    NULL,
    NULL,
    NULL,
    '{"supplier_no":"SUP-2002"}'::jsonb
  ),
  (
    '00000000-0000-4000-8000-000000006383',
    '00000000-0000-4000-8000-000000006371',
    '00000000-0000-4000-8000-000000000001',
    3,
    'import:supplier:invalid-bank',
    'failed',
    NULL,
    NULL,
    'invalid_bank_details',
    'Bank details failed validation',
    '{"supplier_no":"SUP-ERR","bankgiro":"ABC"}'::jsonb
  ),
  (
    '00000000-0000-4000-8000-000000006384',
    '00000000-0000-4000-8000-000000006372',
    '00000000-0000-4000-8000-000000000001',
    1,
    'import:po:2026-0201',
    'applied',
    '00000000-0000-4000-8000-000000006301',
    '00000000-0000-4000-8000-000000006331',
    NULL,
    NULL,
    '{"po_no":"PO-2026-0201"}'::jsonb
  ),
  (
    '00000000-0000-4000-8000-000000006385',
    '00000000-0000-4000-8000-000000006372',
    '00000000-0000-4000-8000-000000000001',
    2,
    'import:po:2026-0202',
    'applied',
    '00000000-0000-4000-8000-000000006302',
    '00000000-0000-4000-8000-000000006332',
    NULL,
    NULL,
    '{"po_no":"PO-2026-0202"}'::jsonb
  )
ON CONFLICT (ap_import_row_id) DO NOTHING;

INSERT INTO supplier_invoices (
  supplier_invoice_id,
  company_id,
  supplier_id,
  invoice_number,
  external_invoice_ref,
  invoice_date,
  due_date,
  currency_code,
  gross_amount,
  payment_reference,
  document_hash,
  duplicate_check_status,
  duplicate_fingerprint_hash,
  matched_purchase_order_id,
  matched_receipt_flag,
  status,
  totals_json
)
VALUES
  (
    '00000000-0000-4000-8000-000000006391',
    '00000000-0000-4000-8000-000000000001',
    '00000000-0000-4000-8000-000000006301',
    'BL-INV-4451',
    'BL-INV-4451',
    DATE '2026-04-12',
    DATE '2026-05-12',
    'SEK',
    50000.00,
    '88990011',
    'hash_bl_inv_4451_v1',
    'cleared',
    'fp_bl_inv_4451_v1',
    '00000000-0000-4000-8000-000000006331',
    TRUE,
    'draft',
    '{"gross_total":50000.00}'::jsonb
  ),
  (
    '00000000-0000-4000-8000-000000006392',
    '00000000-0000-4000-8000-000000000001',
    '00000000-0000-4000-8000-000000006301',
    'BL-INV-4451-DUP',
    'BL-INV-4451',
    DATE '2026-04-12',
    DATE '2026-05-12',
    'SEK',
    50000.00,
    '88990011',
    'hash_bl_inv_4451_v1',
    'exact_duplicate',
    'fp_bl_inv_4451_v1',
    '00000000-0000-4000-8000-000000006331',
    TRUE,
    'draft',
    '{"gross_total":50000.00}'::jsonb
  )
ON CONFLICT (supplier_invoice_id) DO UPDATE
SET duplicate_check_status = EXCLUDED.duplicate_check_status,
    duplicate_fingerprint_hash = EXCLUDED.duplicate_fingerprint_hash,
    matched_purchase_order_id = EXCLUDED.matched_purchase_order_id,
    matched_receipt_flag = EXCLUDED.matched_receipt_flag,
    updated_at = NOW();

INSERT INTO ap_supplier_invoice_fingerprints (
  ap_supplier_invoice_fingerprint_id,
  company_id,
  supplier_id,
  supplier_invoice_id,
  external_invoice_ref,
  invoice_date,
  gross_amount,
  currency_code,
  document_hash,
  payment_reference,
  fingerprint_hash,
  duplicate_kind,
  status,
  evidence_json
)
VALUES
  (
    '00000000-0000-4000-8000-000000006401',
    '00000000-0000-4000-8000-000000000001',
    '00000000-0000-4000-8000-000000006301',
    '00000000-0000-4000-8000-000000006391',
    'BL-INV-4451',
    DATE '2026-04-12',
    50000.00,
    'SEK',
    'hash_bl_inv_4451_v1',
    '88990011',
    'fp_bl_inv_4451_v1',
    'exact',
    'accepted',
    '{"demo":"phase6_1"}'::jsonb
  ),
  (
    '00000000-0000-4000-8000-000000006402',
    '00000000-0000-4000-8000-000000000001',
    '00000000-0000-4000-8000-000000006301',
    NULL,
    'BL-INV-4451',
    DATE '2026-04-12',
    50000.00,
    'SEK',
    'hash_bl_inv_4451_v2',
    '88990011',
    'fp_bl_inv_4451_suspect',
    'suspect',
    'review_required',
    '{"reason":"different_document_hash_same_core_fields"}'::jsonb
  )
ON CONFLICT (ap_supplier_invoice_fingerprint_id) DO NOTHING;

INSERT INTO ap_supplier_invoice_receipt_links (
  ap_supplier_invoice_receipt_link_id,
  company_id,
  supplier_invoice_id,
  purchase_order_receipt_line_id,
  purchase_order_line_id,
  linked_quantity,
  linked_amount_ex_vat,
  status,
  metadata_json,
  created_by_actor_id
)
VALUES
  (
    '00000000-0000-4000-8000-000000006411',
    '00000000-0000-4000-8000-000000000001',
    '00000000-0000-4000-8000-000000006391',
    '00000000-0000-4000-8000-000000006361',
    '00000000-0000-4000-8000-000000006341',
    12.0000,
    24000.00,
    'linked',
    '{"demo":"phase6_1","portion":"first_receipt"}'::jsonb,
    'system'
  ),
  (
    '00000000-0000-4000-8000-000000006412',
    '00000000-0000-4000-8000-000000000001',
    '00000000-0000-4000-8000-000000006391',
    '00000000-0000-4000-8000-000000006362',
    '00000000-0000-4000-8000-000000006341',
    8.0000,
    16000.00,
    'linked',
    '{"demo":"phase6_1","portion":"second_receipt"}'::jsonb,
    'system'
  )
ON CONFLICT (ap_supplier_invoice_receipt_link_id) DO NOTHING;
