INSERT INTO pay_runs (
  pay_run_id,
  company_id,
  payroll_period,
  reporting_period,
  period_starts_on,
  period_ends_on,
  pay_date,
  pay_calendar_id,
  run_type,
  status,
  source_snapshot_hash,
  warning_codes_json,
  calculation_steps_json,
  payload_json,
  calculated_at,
  approved_at,
  created_by_actor_id,
  updated_at
)
VALUES
  (
    '00000000-0000-4000-8000-000000008301',
    '00000000-0000-4000-8000-000000000001',
    '202603',
    '202603',
    '2026-03-01',
    '2026-03-31',
    '2026-03-25',
    '00000000-0000-4000-8000-000000008190',
    'regular',
    'approved',
    'phase8-demo-payrun-regular-202603',
    '[]'::jsonb,
    '[
      { "stepNo": 1, "stepCode": "employment_and_period", "status": "completed" },
      { "stepNo": 4, "stepCode": "variable_pay_items", "status": "completed" },
      { "stepNo": 15, "stepCode": "payslips", "status": "completed" }
    ]'::jsonb,
    '{"seed":"phase8_demo","kind":"regular_pay_run"}'::jsonb,
    NOW(),
    NOW(),
    'demo',
    NOW()
  ),
  (
    '00000000-0000-4000-8000-000000008302',
    '00000000-0000-4000-8000-000000000001',
    '202603',
    '202603',
    '2026-03-01',
    '2026-03-31',
    '2026-03-27',
    '00000000-0000-4000-8000-000000008190',
    'extra',
    'approved',
    'phase8-demo-payrun-extra-202603',
    '[]'::jsonb,
    '[
      { "stepNo": 4, "stepCode": "variable_pay_items", "status": "completed" },
      { "stepNo": 15, "stepCode": "payslips", "status": "completed" }
    ]'::jsonb,
    '{"seed":"phase8_demo","kind":"extra_pay_run"}'::jsonb,
    NOW(),
    NOW(),
    'demo',
    NOW()
  ),
  (
    '00000000-0000-4000-8000-000000008303',
    '00000000-0000-4000-8000-000000000001',
    '202603',
    '202603',
    '2026-03-01',
    '2026-03-31',
    '2026-03-28',
    '00000000-0000-4000-8000-000000008190',
    'correction',
    'approved',
    'phase8-demo-payrun-correction-202603',
    '[]'::jsonb,
    '[
      { "stepNo": 5, "stepCode": "retro_corrections", "status": "completed" },
      { "stepNo": 15, "stepCode": "payslips", "status": "completed" }
    ]'::jsonb,
    '{"seed":"phase8_demo","kind":"correction_pay_run"}'::jsonb,
    NOW(),
    NOW(),
    'demo',
    NOW()
  ),
  (
    '00000000-0000-4000-8000-000000008304',
    '00000000-0000-4000-8000-000000000001',
    '202604',
    '202604',
    '2026-04-01',
    '2026-04-30',
    '2026-04-25',
    '00000000-0000-4000-8000-000000008190',
    'final',
    'approved',
    'phase8-demo-payrun-final-202604',
    '[]'::jsonb,
    '[
      { "stepNo": 4, "stepCode": "variable_pay_items", "status": "completed" },
      { "stepNo": 5, "stepCode": "retro_corrections", "status": "completed" },
      { "stepNo": 15, "stepCode": "payslips", "status": "completed" }
    ]'::jsonb,
    '{"seed":"phase8_demo","kind":"final_pay_run"}'::jsonb,
    NOW(),
    NOW(),
    'demo',
    NOW()
  )
ON CONFLICT (pay_run_id) DO NOTHING;

INSERT INTO pay_run_lines (
  pay_run_line_id,
  pay_run_id,
  company_id,
  employment_id,
  employee_id,
  pay_item_definition_id,
  line_code,
  pay_item_code,
  pay_item_type,
  display_name,
  compensation_bucket,
  quantity,
  unit_code,
  unit_rate,
  amount,
  tax_treatment_code,
  employer_contribution_treatment_code,
  agi_mapping_code,
  ledger_account_code,
  affects_vacation_basis,
  affects_pension_basis,
  included_in_net_pay,
  reporting_only,
  source_type,
  source_id,
  source_period,
  source_pay_run_id,
  calculation_status,
  note,
  display_order,
  payload_json
)
VALUES
  (
    '00000000-0000-4000-8000-000000008311',
    '00000000-0000-4000-8000-000000008301',
    '00000000-0000-4000-8000-000000000001',
    '00000000-0000-4000-8000-000000000791',
    '00000000-0000-4000-8000-000000000781',
    '00000000-0000-4000-8000-000000008101',
    'MONTHLY_SALARY',
    'MONTHLY_SALARY',
    'monthly_salary',
    'Manadslon',
    'gross_addition',
    1.0000,
    'month',
    43500.00,
    43500.00,
    'taxable',
    'included',
    'cash_compensation',
    '7010',
    TRUE,
    TRUE,
    TRUE,
    FALSE,
    'employment_contract',
    '00000000-0000-4000-8000-000000000802',
    NULL,
    NULL,
    'calculated',
    'Regular payroll base for protected identity demo employee.',
    10,
    '{"seed":"phase8_demo","stepNo":3}'::jsonb
  ),
  (
    '00000000-0000-4000-8000-000000008312',
    '00000000-0000-4000-8000-000000008301',
    '00000000-0000-4000-8000-000000000001',
    '00000000-0000-4000-8000-000000000791',
    '00000000-0000-4000-8000-000000000781',
    '00000000-0000-4000-8000-000000008122',
    'BENEFIT',
    'BENEFIT',
    'benefit',
    'Forman',
    'reporting_only',
    1.0000,
    'amount',
    4200.00,
    4200.00,
    'taxable',
    'included',
    'taxable_benefit',
    '7290',
    FALSE,
    FALSE,
    FALSE,
    TRUE,
    'manual_input',
    'phase8-demo-benefit-202603',
    NULL,
    NULL,
    'calculated',
    'Benefit-only line to validate reporting-only payslip output.',
    60,
    '{"seed":"phase8_demo","stepNo":6}'::jsonb
  ),
  (
    '00000000-0000-4000-8000-000000008313',
    '00000000-0000-4000-8000-000000008302',
    '00000000-0000-4000-8000-000000000001',
    '00000000-0000-4000-8000-000000000791',
    '00000000-0000-4000-8000-000000000781',
    '00000000-0000-4000-8000-000000008108',
    'BONUS',
    'BONUS',
    'bonus',
    'Bonus',
    'gross_addition',
    1.0000,
    'amount',
    5000.00,
    5000.00,
    'taxable',
    'included',
    'cash_compensation',
    '7060',
    FALSE,
    TRUE,
    TRUE,
    FALSE,
    'manual_input',
    'phase8-demo-extra-bonus-202603',
    NULL,
    NULL,
    'calculated',
    'Extra run bonus after the regular close.',
    80,
    '{"seed":"phase8_demo","stepNo":4}'::jsonb
  ),
  (
    '00000000-0000-4000-8000-000000008314',
    '00000000-0000-4000-8000-000000008303',
    '00000000-0000-4000-8000-000000000001',
    '00000000-0000-4000-8000-000000000791',
    '00000000-0000-4000-8000-000000000781',
    '00000000-0000-4000-8000-000000008130',
    'CORRECTION',
    'CORRECTION',
    'correction',
    'Korrigering',
    'gross_addition',
    1.0000,
    'amount',
    1800.00,
    1800.00,
    'taxable',
    'included',
    'cash_compensation',
    '7090',
    FALSE,
    TRUE,
    TRUE,
    FALSE,
    'retro_adjustment',
    'phase8-demo-retro-bonus-202602',
    '202602',
    '00000000-0000-4000-8000-000000008301',
    'calculated',
    'Retro correction for February bonus.',
    90,
    '{"seed":"phase8_demo","stepNo":5}'::jsonb
  ),
  (
    '00000000-0000-4000-8000-000000008315',
    '00000000-0000-4000-8000-000000008304',
    '00000000-0000-4000-8000-000000000001',
    '00000000-0000-4000-8000-000000000791',
    '00000000-0000-4000-8000-000000000781',
    '00000000-0000-4000-8000-000000008129',
    'FINAL_PAY',
    'FINAL_PAY',
    'final_pay',
    'Slutlon',
    'gross_addition',
    1.0000,
    'amount',
    12000.00,
    12000.00,
    'taxable',
    'included',
    'cash_compensation',
    '7090',
    FALSE,
    TRUE,
    TRUE,
    FALSE,
    'final_pay',
    '2026-04-12',
    NULL,
    NULL,
    'calculated',
    'Final settlement amount.',
    80,
    '{"seed":"phase8_demo","stepNo":4}'::jsonb
  ),
  (
    '00000000-0000-4000-8000-000000008316',
    '00000000-0000-4000-8000-000000008304',
    '00000000-0000-4000-8000-000000000001',
    '00000000-0000-4000-8000-000000000791',
    '00000000-0000-4000-8000-000000000781',
    '00000000-0000-4000-8000-000000008110',
    'VACATION_PAY',
    'VACATION_PAY',
    'vacation_pay',
    'Semesterlon',
    'gross_addition',
    4.0000,
    'day',
    1200.00,
    4800.00,
    'taxable',
    'included',
    'cash_compensation',
    '7070',
    FALSE,
    TRUE,
    TRUE,
    FALSE,
    'final_pay',
    '2026-04-12',
    NULL,
    NULL,
    'calculated',
    'Remaining vacation settlement.',
    81,
    '{"seed":"phase8_demo","stepNo":4}'::jsonb
  ),
  (
    '00000000-0000-4000-8000-000000008317',
    '00000000-0000-4000-8000-000000008304',
    '00000000-0000-4000-8000-000000000001',
    '00000000-0000-4000-8000-000000000791',
    '00000000-0000-4000-8000-000000000781',
    '00000000-0000-4000-8000-000000008130',
    'CORRECTION',
    'CORRECTION',
    'correction',
    'Korrigering',
    'net_deduction',
    1.0000,
    'amount',
    1500.00,
    1500.00,
    'taxable',
    'included',
    'cash_compensation',
    '7090',
    FALSE,
    TRUE,
    TRUE,
    FALSE,
    'final_pay',
    '2026-04-12',
    NULL,
    NULL,
    'calculated',
    'Advance vacation recovery.',
    130,
    '{"seed":"phase8_demo","stepNo":13}'::jsonb
  )
ON CONFLICT (pay_run_line_id) DO NOTHING;

INSERT INTO pay_run_events (
  pay_run_event_id,
  pay_run_id,
  company_id,
  event_type,
  actor_id,
  note,
  recorded_at
)
VALUES
  ('00000000-0000-4000-8000-000000008321','00000000-0000-4000-8000-000000008301','00000000-0000-4000-8000-000000000001','created','demo','Created regular payroll run 202603 for EMP0781.',NOW()),
  ('00000000-0000-4000-8000-000000008322','00000000-0000-4000-8000-000000008301','00000000-0000-4000-8000-000000000001','approved','demo','Approved regular payroll run 202603.',NOW()),
  ('00000000-0000-4000-8000-000000008323','00000000-0000-4000-8000-000000008302','00000000-0000-4000-8000-000000000001','created','demo','Created extra payroll run 202603.',NOW()),
  ('00000000-0000-4000-8000-000000008324','00000000-0000-4000-8000-000000008302','00000000-0000-4000-8000-000000000001','approved','demo','Approved extra payroll run 202603.',NOW()),
  ('00000000-0000-4000-8000-000000008325','00000000-0000-4000-8000-000000008303','00000000-0000-4000-8000-000000000001','created','demo','Created correction payroll run 202603.',NOW()),
  ('00000000-0000-4000-8000-000000008326','00000000-0000-4000-8000-000000008303','00000000-0000-4000-8000-000000000001','approved','demo','Approved correction payroll run 202603.',NOW()),
  ('00000000-0000-4000-8000-000000008327','00000000-0000-4000-8000-000000008304','00000000-0000-4000-8000-000000000001','created','demo','Created final payroll run 202604.',NOW()),
  ('00000000-0000-4000-8000-000000008328','00000000-0000-4000-8000-000000008304','00000000-0000-4000-8000-000000000001','approved','demo','Approved final payroll run 202604.',NOW()),
  ('00000000-0000-4000-8000-000000008329','00000000-0000-4000-8000-000000008303','00000000-0000-4000-8000-000000000001','payslip_regenerated','demo','Regenerated payslip after retro correction validation.',NOW())
ON CONFLICT (pay_run_event_id) DO NOTHING;

INSERT INTO pay_run_payslips (
  payslip_id,
  pay_run_id,
  company_id,
  employment_id,
  employee_id,
  snapshot_hash,
  render_payload_json,
  generated_by_actor_id,
  regeneration_no,
  regenerated_at,
  regenerated_by_actor_id
)
VALUES
  (
    '00000000-0000-4000-8000-000000008331',
    '00000000-0000-4000-8000-000000008301',
    '00000000-0000-4000-8000-000000000001',
    '00000000-0000-4000-8000-000000000791',
    '00000000-0000-4000-8000-000000000781',
    'phase8-demo-payslip-regular-202603',
    '{
      "reportingPeriod": "202603",
      "runType": "regular",
      "totals": {
        "grossEarnings": 43500.00,
        "preliminaryTaxStatus": "pending"
      }
    }'::jsonb,
    'demo',
    0,
    NULL,
    NULL
  ),
  (
    '00000000-0000-4000-8000-000000008332',
    '00000000-0000-4000-8000-000000008302',
    '00000000-0000-4000-8000-000000000001',
    '00000000-0000-4000-8000-000000000791',
    '00000000-0000-4000-8000-000000000781',
    'phase8-demo-payslip-extra-202603',
    '{
      "reportingPeriod": "202603",
      "runType": "extra",
      "totals": {
        "grossEarnings": 5000.00,
        "preliminaryTaxStatus": "pending"
      }
    }'::jsonb,
    'demo',
    0,
    NULL,
    NULL
  ),
  (
    '00000000-0000-4000-8000-000000008333',
    '00000000-0000-4000-8000-000000008303',
    '00000000-0000-4000-8000-000000000001',
    '00000000-0000-4000-8000-000000000791',
    '00000000-0000-4000-8000-000000000781',
    'phase8-demo-payslip-correction-202603',
    '{
      "reportingPeriod": "202603",
      "runType": "correction",
      "retro": {
        "originalPeriod": "202602",
        "sourcePayRunId": "00000000-0000-4000-8000-000000008301"
      }
    }'::jsonb,
    'demo',
    1,
    NOW(),
    'demo'
  ),
  (
    '00000000-0000-4000-8000-000000008334',
    '00000000-0000-4000-8000-000000008304',
    '00000000-0000-4000-8000-000000000001',
    '00000000-0000-4000-8000-000000000791',
    '00000000-0000-4000-8000-000000000781',
    'phase8-demo-payslip-final-202604',
    '{
      "reportingPeriod": "202604",
      "runType": "final",
      "finalPay": {
        "settlementAmount": 12000.00,
        "vacationSettlementAmount": 4800.00,
        "advanceVacationRecoveryAmount": 1500.00
      }
    }'::jsonb,
    'demo',
    0,
    NULL,
    NULL
  )
ON CONFLICT (payslip_id) DO NOTHING;
