INSERT INTO vat_decisions (
  vat_decision_id,
  company_id,
  source_type,
  source_id,
  decision_code,
  rule_pack_id,
  explanation_json,
  vat_code,
  rule_pack_version,
  source_snapshot_date,
  inputs_hash,
  effective_date,
  status,
  declaration_box_codes_json,
  booking_template_code,
  outputs_json,
  warnings_json,
  review_queue_code,
  review_queue_item_id,
  created_by_actor_id,
  decision_category,
  invoice_text_requirements_json,
  credit_note_flag,
  original_vat_decision_id
)
VALUES
  (
    '00000000-0000-4000-8000-000000000931',
    '00000000-0000-4000-8000-000000000001',
    'AR_INVOICE',
    'phase4-vat-demo-domestic-25-v2',
    'VAT_SE_DOMESTIC_25',
    'vat-se-2026.2',
    '[
      "rule_pack_id=vat-se-2026.2",
      "vat_code=VAT_SE_DOMESTIC_25",
      "scenario=domestic_standard_sale"
    ]'::jsonb,
    'VAT_SE_DOMESTIC_25',
    '2026.2',
    DATE '2026-03-21',
    'phase4-vat-demo-domestic-25-v2-hash',
    DATE '2026-03-21',
    'decided',
    '["05","10"]'::jsonb,
    'vat_se_domestic_25',
    '{"decisionCategory":"domestic_standard_sale","declarationBoxCodes":["05","10"],"declarationBoxAmounts":[{"boxCode":"05","amount":1000,"amountType":"taxable_base"},{"boxCode":"10","amount":250,"amountType":"output_vat"}],"postingEntries":[{"entryCode":"net_sale","direction":"credit","amount":1000,"vatEffect":"taxable_base"},{"entryCode":"output_vat","direction":"credit","amount":250,"vatEffect":"output_vat"}]}'::jsonb,
    '[]'::jsonb,
    NULL,
    NULL,
    'system',
    'domestic_standard_sale',
    '[]'::jsonb,
    FALSE,
    NULL
  ),
  (
    '00000000-0000-4000-8000-000000000932',
    '00000000-0000-4000-8000-000000000001',
    'AR_CREDIT_NOTE',
    'phase4-vat-demo-credit-note',
    'VAT_SE_DOMESTIC_25',
    'vat-se-2026.2',
    '[
      "rule_pack_id=vat-se-2026.2",
      "mirrored_original_vat_decision_id=00000000-0000-4000-8000-000000000931",
      "original_vat_code=VAT_SE_DOMESTIC_25"
    ]'::jsonb,
    'VAT_SE_DOMESTIC_25',
    '2026.2',
    DATE '2026-03-21',
    'phase4-vat-demo-credit-note-hash',
    DATE '2026-03-21',
    'decided',
    '["05","10"]'::jsonb,
    'vat_se_domestic_25',
    '{"decisionCategory":"credit_note_mirror","declarationBoxCodes":["05","10"],"declarationBoxAmounts":[{"boxCode":"05","amount":-1000,"amountType":"taxable_base"},{"boxCode":"10","amount":-250,"amountType":"output_vat"}],"postingEntries":[{"entryCode":"net_sale","direction":"credit","amount":-1000,"vatEffect":"taxable_base"},{"entryCode":"output_vat","direction":"credit","amount":-250,"vatEffect":"output_vat"}]}'::jsonb,
    '[]'::jsonb,
    NULL,
    NULL,
    'system',
    'credit_note_mirror',
    '[]'::jsonb,
    TRUE,
    '00000000-0000-4000-8000-000000000931'
  ),
  (
    '00000000-0000-4000-8000-000000000933',
    '00000000-0000-4000-8000-000000000001',
    'AP_IMPORT',
    'phase4-vat-demo-import',
    'VAT_SE_IMPORT_GOODS',
    'vat-se-2026.2',
    '[
      "rule_pack_id=vat-se-2026.2",
      "vat_code=VAT_SE_IMPORT_GOODS",
      "scenario=import_goods_purchase"
    ]'::jsonb,
    'VAT_SE_IMPORT_GOODS',
    '2026.2',
    DATE '2026-03-21',
    'phase4-vat-demo-import-hash',
    DATE '2026-03-21',
    'decided',
    '["50","60","48"]'::jsonb,
    'vat_se_import_goods',
    '{"decisionCategory":"import_goods_purchase","declarationBoxCodes":["50","60","48"],"declarationBoxAmounts":[{"boxCode":"50","amount":2400,"amountType":"taxable_base"},{"boxCode":"60","amount":600,"amountType":"output_vat"},{"boxCode":"48","amount":600,"amountType":"input_vat"}],"postingEntries":[{"entryCode":"output_vat_self_assessed","direction":"credit","amount":600,"vatEffect":"output_vat"},{"entryCode":"input_vat_deductible","direction":"debit","amount":600,"vatEffect":"input_vat"}]}'::jsonb,
    '[]'::jsonb,
    NULL,
    NULL,
    'system',
    'import_goods_purchase',
    '[]'::jsonb,
    FALSE,
    NULL
  ),
  (
    '00000000-0000-4000-8000-000000000934',
    '00000000-0000-4000-8000-000000000001',
    'AP_INVOICE',
    'phase4-vat-demo-eu-service-purchase',
    'VAT_SE_EU_SERVICES_PURCHASE_RC',
    'vat-se-2026.2',
    '[
      "rule_pack_id=vat-se-2026.2",
      "vat_code=VAT_SE_EU_SERVICES_PURCHASE_RC",
      "scenario=eu_services_purchase_reverse_charge"
    ]'::jsonb,
    'VAT_SE_EU_SERVICES_PURCHASE_RC',
    '2026.2',
    DATE '2026-03-21',
    'phase4-vat-demo-eu-service-purchase-hash',
    DATE '2026-03-21',
    'decided',
    '["21","30","48"]'::jsonb,
    'vat_se_eu_services_purchase_rc',
    '{"decisionCategory":"eu_services_purchase_reverse_charge","declarationBoxCodes":["21","30","48"],"declarationBoxAmounts":[{"boxCode":"21","amount":1000,"amountType":"taxable_base"},{"boxCode":"30","amount":250,"amountType":"output_vat"},{"boxCode":"48","amount":250,"amountType":"input_vat"}],"postingEntries":[{"entryCode":"output_vat_self_assessed","direction":"credit","amount":250,"vatEffect":"output_vat"},{"entryCode":"input_vat_deductible","direction":"debit","amount":250,"vatEffect":"input_vat"}]}'::jsonb,
    '[]'::jsonb,
    NULL,
    NULL,
    'system',
    'eu_services_purchase_reverse_charge',
    '[]'::jsonb,
    FALSE,
    NULL
  )
ON CONFLICT (vat_decision_id) DO NOTHING;

INSERT INTO vat_decision_box_amounts (
  vat_decision_box_amount_id,
  vat_decision_id,
  company_id,
  box_code,
  amount,
  amount_type
)
VALUES
  ('00000000-0000-4000-8000-000000000941', '00000000-0000-4000-8000-000000000931', '00000000-0000-4000-8000-000000000001', '05', 1000, 'taxable_base'),
  ('00000000-0000-4000-8000-000000000942', '00000000-0000-4000-8000-000000000931', '00000000-0000-4000-8000-000000000001', '10', 250, 'output_vat'),
  ('00000000-0000-4000-8000-000000000943', '00000000-0000-4000-8000-000000000932', '00000000-0000-4000-8000-000000000001', '05', -1000, 'taxable_base'),
  ('00000000-0000-4000-8000-000000000944', '00000000-0000-4000-8000-000000000932', '00000000-0000-4000-8000-000000000001', '10', -250, 'output_vat'),
  ('00000000-0000-4000-8000-000000000945', '00000000-0000-4000-8000-000000000933', '00000000-0000-4000-8000-000000000001', '50', 2400, 'taxable_base'),
  ('00000000-0000-4000-8000-000000000946', '00000000-0000-4000-8000-000000000933', '00000000-0000-4000-8000-000000000001', '60', 600, 'output_vat'),
  ('00000000-0000-4000-8000-000000000947', '00000000-0000-4000-8000-000000000933', '00000000-0000-4000-8000-000000000001', '48', 600, 'input_vat'),
  ('00000000-0000-4000-8000-000000000948', '00000000-0000-4000-8000-000000000934', '00000000-0000-4000-8000-000000000001', '21', 1000, 'taxable_base'),
  ('00000000-0000-4000-8000-000000000949', '00000000-0000-4000-8000-000000000934', '00000000-0000-4000-8000-000000000001', '30', 250, 'output_vat'),
  ('00000000-0000-4000-8000-000000000950', '00000000-0000-4000-8000-000000000934', '00000000-0000-4000-8000-000000000001', '48', 250, 'input_vat')
ON CONFLICT (vat_decision_box_amount_id) DO NOTHING;

INSERT INTO vat_decision_posting_entries (
  vat_decision_posting_entry_id,
  vat_decision_id,
  company_id,
  entry_code,
  direction,
  amount,
  vat_effect
)
VALUES
  ('00000000-0000-4000-8000-000000000951', '00000000-0000-4000-8000-000000000931', '00000000-0000-4000-8000-000000000001', 'net_sale', 'credit', 1000, 'taxable_base'),
  ('00000000-0000-4000-8000-000000000952', '00000000-0000-4000-8000-000000000931', '00000000-0000-4000-8000-000000000001', 'output_vat', 'credit', 250, 'output_vat'),
  ('00000000-0000-4000-8000-000000000953', '00000000-0000-4000-8000-000000000932', '00000000-0000-4000-8000-000000000001', 'net_sale', 'credit', -1000, 'taxable_base'),
  ('00000000-0000-4000-8000-000000000954', '00000000-0000-4000-8000-000000000932', '00000000-0000-4000-8000-000000000001', 'output_vat', 'credit', -250, 'output_vat'),
  ('00000000-0000-4000-8000-000000000955', '00000000-0000-4000-8000-000000000933', '00000000-0000-4000-8000-000000000001', 'output_vat_self_assessed', 'credit', 600, 'output_vat'),
  ('00000000-0000-4000-8000-000000000956', '00000000-0000-4000-8000-000000000933', '00000000-0000-4000-8000-000000000001', 'input_vat_deductible', 'debit', 600, 'input_vat'),
  ('00000000-0000-4000-8000-000000000957', '00000000-0000-4000-8000-000000000934', '00000000-0000-4000-8000-000000000001', 'output_vat_self_assessed', 'credit', 250, 'output_vat'),
  ('00000000-0000-4000-8000-000000000958', '00000000-0000-4000-8000-000000000934', '00000000-0000-4000-8000-000000000001', 'input_vat_deductible', 'debit', 250, 'input_vat')
ON CONFLICT (vat_decision_posting_entry_id) DO NOTHING;
